Semaine,Date,Réf Produit,DésignationProduit,QtéProduite,QtéLivrée,Tpsd'ouv. Nette (s),TpsSTD.Unitaire (s),TpsPointée.NetProduit (s) ,Hr.Badgées (s),ETP.théo,ETP.Réel,OBJEFF.NET,OBJEFF.BRUT,Efficience Nette,Efficience Brute
S33,11-Aug,SF1.M32,Siwtch de Commande (INJ),380,0,25740,258,118120,128700,3.8,4.6,85%,78%,83%,76%
S33,11-Aug,SF1.PPE21,Push Start/ Stop (INJ),178,0,25740,231,49540,51480,1.6,1.9,85%,78%,83%,80%
S33,11-Aug,SF1.90VU,Rack 90VU_A321. Neo (INJ),221,0,25740,280,74607,77220,2.4,2.9,85%,78%,83%,80%
S33,11-Aug,SF2.M32,Siwtch de Commande (IR),412,0,25740,307,152192,154440,4.9,5.9,85%,78%,83%,82%
S33,11-Aug,SF2.PPE21,Push Start/ Stop (IR),548,0,25740,287,189357,205920,6.1,7.4,85%,78%,83%,76%
S33,11-Aug,SF2.90VU,Rack 90VU_A321. Neo (IR),721,0,25740,273,237148,257400,7.6,9.2,85%,78%,83%,76%
S33,11-Aug,SF3.M32,Siwtch de Commande (ASS),618,0,25740,227,168870,180180,5.4,6.6,85%,78%,83%,78%
S33,11-Aug,SF3.PPE21,Push Start/ Stop (ASS),148,0,25740,227,40441,51480,1.3,1.6,85%,78%,83%,65%
S33,11-Aug,SF3.90VU,Rack 90VU_A321. Neo (ASS),0,0,25740,407,0,0,0.0,0.0,85%,78%,-,-
S33,11-Aug,M32,Siwtch de Commande,0,0,25740,293,0,0,0.0,0.0,85%,78%,-,-
S33,11-Aug,PPE21,Push Start/ Stop ,364,264,25740,215,94201,102960,3.0,3.7,85%,78%,83%,76%
S33,11-Aug,90VU,Rack 90VU_A321. Neo ,0,250,25740,767,0,0,0.0,0.0,85%,78%,-,-
S33,12-Aug,SF1.M32,Siwtch de Commande (INJ),0,0,25740,258,0,0,0.0,0.0,85%,78%,-,-
S33,12-Aug,SF1.PPE21,Push Start/ Stop (INJ),0,0,25740,231,0,0,0.0,0.0,85%,78%,-,-
S33,12-Aug,SF1.90VU,Rack 90VU_A321. Neo (INJ),0,0,25740,280,0,0,0.0,0.0,85%,78%,-,-
S33,12-Aug,SF2.M32,Siwtch de Commande (IR),0,0,25740,307,0,0,0.0,0.0,85%,78%,-,-
S33,12-Aug,SF2.PPE21,Push Start/ Stop (IR),0,0,25740,287,0,0,0.0,0.0,85%,78%,-,-
S33,12-Aug,SF2.90VU,Rack 90VU_A321. Neo (IR),458,0,25740,273,152480,154440,4.9,5.9,85%,78%,82%,81%
S33,12-Aug,SF3.M32,Siwtch de Commande (ASS),356,0,25740,227,98464,102960,3.1,3.8,85%,78%,82%,78%
S33,12-Aug,SF3.PPE21,Push Start/ Stop (ASS),724,0,25740,227,200248,205920,6.4,7.8,85%,78%,82%,80%
S33,12-Aug,SF3.90VU,Rack 90VU_A321. Neo (ASS),852,0,25740,407,422675,437580,13.5,16.4,85%,78%,82%,79%
S33,12-Aug,M32,Siwtch de Commande,816,716,25740,293,291372,308880,9.3,11.3,85%,78%,82%,77%
S33,12-Aug,PPE21,Push Start/ Stop ,873,773,25740,215,228683,231660,7.3,8.9,85%,78%,82%,81%
S33,12-Aug,90VU,Rack 90VU_A321. Neo ,635,535,25740,767,593802,617760,18.9,23.1,85%,78%,82%,79%
S33,13-Aug,SF1.M32,Siwtch de Commande (INJ),851,0,25740,258,267754,283140,8.5,10.4,85%,78%,82%,78%
S33,13-Aug,SF1.PPE21,Push Start/ Stop (INJ),861,0,25740,231,242550,257400,7.7,9.4,85%,78%,82%,77%
S33,13-Aug,SF1.90VU,Rack 90VU_A321. Neo (INJ),1106,0,25740,280,377928,386100,12.0,14.7,85%,78%,82%,80%
S33,13-Aug,SF2.M32,Siwtch de Commande (IR),728,0,25740,307,272201,283140,8.7,10.6,85%,78%,82%,79%
S33,13-Aug,SF2.PPE21,Push Start/ Stop (IR),788,0,25740,287,275608,283140,8.8,10.7,85%,78%,82%,80%
S33,13-Aug,SF2.90VU,Rack 90VU_A321. Neo (IR),577,0,25740,273,192099,205920,6.1,7.5,85%,78%,82%,76%
S33,13-Aug,SF3.M32,Siwtch de Commande (ASS),672,0,25740,227,185865,205920,5.9,7.2,85%,78%,82%,74%
S33,13-Aug,SF3.PPE21,Push Start/ Stop (ASS),1074,0,25740,227,297053,308880,9.5,11.5,85%,78%,82%,79%
S33,13-Aug,SF3.90VU,Rack 90VU_A321. Neo (ASS),427,0,25740,407,211834,231660,6.7,8.2,85%,78%,82%,75%
S33,13-Aug,M32,Siwtch de Commande,582,482,25740,293,207817,231660,6.6,8.1,85%,78%,82%,74%
S33,13-Aug,PPE21,Push Start/ Stop ,618,518,25740,215,161886,180180,5.2,6.3,85%,78%,82%,74%
S33,13-Aug,90VU,Rack 90VU_A321. Neo ,783,660,25740,767,732200,746460,23.3,28.4,85%,78%,82%,80%
S33,14-Aug,SF1.PPE21,Push Start/ Stop (INJ),852,0,25740,231,240015,257400,7.6,9.3,85%,78%,82%,76%
S33,15-Aug,SF1.90VU,Rack 90VU_A321. Neo (INJ),816,0,25740,280,278833,283140,8.9,10.8,85%,78%,82%,81%
S33,16-Aug,SF2.M32,Siwtch de Commande (IR),873,0,25740,307,343156,360360,10.4,13.3,85%,78%,78%,74%
S33,17-Aug,SF2.PPE21,Push Start/ Stop (IR),635,0,25740,287,233485,257400,7.1,9.1,85%,78%,78%,71%
S33,18-Aug,SF2.90VU,Rack 90VU_A321. Neo (IR),851,0,25740,273,297850,308880,9.0,11.6,85%,78%,78%,75%
S33,19-Aug,SF3.M32,Siwtch de Commande (ASS),861,0,25740,227,250352,257400,7.6,9.7,85%,78%,78%,76%
S33,20-Aug,SF3.PPE21,Push Start/ Stop (ASS),1106,0,25740,227,321591,334620,9.7,12.5,85%,78%,78%,75%
S33,21-Aug,SF3.90VU,Rack 90VU_A321. Neo (ASS),728,0,25740,407,379680,386100,11.5,14.8,85%,78%,78%,77%
S33,22-Aug,M32,Siwtch de Commande,788,688,25740,293,295803,308880,9.0,11.5,85%,78%,78%,75%
S33,23-Aug,PPE21,Push Start/ Stop ,577,477,25740,215,158897,180180,4.8,6.2,85%,78%,78%,69%
S33,24-Aug,90VU,Rack 90VU_A321. Neo ,672,572,25740,767,660628,669240,20.0,25.7,85%,78%,78%,77%
S33,15-Aug,SF1.PPE21,Push Start/ Stop (INJ),724,0,25740,231,214270,231660,6.5,8.3,85%,78%,78%,72%
S33,15-Aug,SF1.90VU,Rack 90VU_A321. Neo (INJ),715,0,25740,280,256711,257400,7.8,10.0,85%,78%,78%,78%
S33,15-Aug,SF2.M32,Siwtch de Commande (IR),706,0,25740,307,277400,283140,8.4,10.8,85%,78%,78%,76%
S33,15-Aug,SF2.PPE21,Push Start/ Stop (IR),697,0,25740,287,256213,257400,7.8,10.0,85%,78%,78%,78%
S33,15-Aug,SF2.90VU,Rack 90VU_A321. Neo (IR),688,0,25740,273,240771,257400,7.3,9.4,85%,78%,78%,73%
S33,15-Aug,SF3.M32,Siwtch de Commande (ASS),679,0,25740,227,197437,205920,6.0,7.7,85%,78%,78%,75%
S33,15-Aug,SF3.PPE21,Push Start/ Stop (ASS),670,0,25740,227,194850,205920,5.9,7.6,85%,78%,78%,74%
S33,15-Aug,SF3.90VU,Rack 90VU_A321. Neo (ASS),661,0,25740,407,344852,360360,10.5,13.4,85%,78%,78%,75%
S33,15-Aug,M32,Siwtch de Commande,652,552,25740,293,244872,257400,7.4,9.5,85%,78%,78%,74%
S33,15-Aug,PPE21,Push Start/ Stop ,643,543,25740,215,177189,180180,5.4,6.9,85%,78%,78%,77%
S33,15-Aug,90VU,Rack 90VU_A321. Neo ,635,535,25740,767,623786,643500,18.9,24.2,85%,78%,78%,76%
S33,16-Aug,SF1.PPE21,Push Start/ Stop (INJ),617,0,25740,231,182646,205920,5.5,7.1,85%,78%,78%,69%
S33,16-Aug,SF1.90VU,Rack 90VU_A321. Neo (INJ),608,0,25740,280,218351,231660,6.6,8.5,85%,78%,78%,74%
S33,16-Aug,SF2.M32,Siwtch de Commande (IR),599,0,25740,307,235426,257400,7.1,9.1,85%,78%,78%,71%
S33,16-Aug,SF2.PPE21,Push Start/ Stop (IR),590,0,25740,287,216950,231660,6.6,8.4,85%,78%,78%,73%
S33,16-Aug,SF2.90VU,Rack 90VU_A321. Neo (IR),581,0,25740,273,203397,205920,6.2,7.9,85%,78%,78%,77%
S33,16-Aug,SF3.M32,Siwtch de Commande (ASS),572,0,25740,227,166388,180180,5.0,6.5,85%,78%,78%,72%
S33,16-Aug,SF3.PPE21,Push Start/ Stop (ASS),563,0,25740,227,163801,180180,5.0,6.4,85%,78%,78%,71%
S33,16-Aug,SF3.90VU,Rack 90VU_A321. Neo (ASS),554,0,25740,407,289160,308880,8.8,11.2,85%,78%,78%,73%
S33,16-Aug,M32,Siwtch de Commande,546,446,25740,293,204787,205920,6.2,8.0,85%,78%,78%,78%
S33,16-Aug,PPE21,Push Start/ Stop ,537,410,25740,215,147782,154440,4.5,5.7,85%,78%,78%,75%
S33,16-Aug,90VU,Rack 90VU_A321. Neo ,528,423,25740,767,518810,540540,15.7,20.2,85%,78%,78%,75%
S34,17-Aug,SF1.PPE21,Push Start/ Stop (INJ),510,0,25740,231,151022,154440,4.6,5.9,85%,78%,78%,76%
S34,17-Aug,SF1.90VU,Rack 90VU_A321. Neo (INJ),501,0,25740,280,179991,180180,5.5,7.0,85%,78%,78%,78%
S34,17-Aug,SF2.M32,Siwtch de Commande (IR),492,0,25740,307,193452,205920,5.9,7.5,85%,78%,78%,73%
S34,17-Aug,SF2.PPE21,Push Start/ Stop (IR),483,0,25740,287,177687,180180,5.4,6.9,85%,78%,78%,77%
S34,17-Aug,SF2.90VU,Rack 90VU_A321. Neo (IR),474,0,25740,273,166022,180180,5.0,6.4,85%,78%,78%,72%
S34,17-Aug,SF3.M32,Siwtch de Commande (ASS),465,0,25740,227,135339,154440,4.1,5.3,85%,78%,78%,68%
S34,17-Aug,SF3.PPE21,Push Start/ Stop (ASS),457,0,25740,227,132751,154440,4.0,5.2,85%,78%,78%,67%
S34,17-Aug,SF3.90VU,Rack 90VU_A321. Neo (ASS),448,0,25740,407,233469,257400,7.1,9.1,85%,78%,78%,71%
S34,17-Aug,M32,Siwtch de Commande,439,293,25740,293,164702,180180,5.0,6.4,85%,78%,78%,71%
S34,17-Aug,PPE21,Push Start/ Stop ,430,330,25740,215,139899,154440,3.6,5.4,85%,78%,66%,60%
S34,17-Aug,90VU,Rack 90VU_A321. Neo ,421,321,25740,767,489077,514800,12.5,19.0,85%,78%,66%,63%
S34,18-Aug,SF1.PPE21,Push Start/ Stop (INJ),403,0,25740,231,141106,154440,3.6,5.5,85%,78%,66%,60%
S34,18-Aug,SF1.90VU,Rack 90VU_A321. Neo (INJ),356,0,25740,280,151138,154440,3.9,5.9,85%,78%,66%,65%
S34,18-Aug,SF2.M32,Siwtch de Commande (IR),724,0,25740,307,336331,360360,8.6,13.1,85%,78%,66%,62%
S34,18-Aug,SF2.PPE21,Push Start/ Stop (IR),852,0,25740,287,370233,386100,9.5,14.4,85%,78%,66%,63%
S34,18-Aug,SF2.90VU,Rack 90VU_A321. Neo (IR),816,0,25740,273,337527,360360,8.7,13.1,85%,78%,66%,62%
S34,18-Aug,SF3.M32,Siwtch de Commande (ASS),873,0,25740,227,299995,308880,7.7,11.7,85%,78%,66%,64%
S34,18-Aug,SF3.PPE21,Push Start/ Stop (ASS),635,0,25740,227,218209,231660,5.6,8.5,85%,78%,66%,62%
S34,18-Aug,SF3.90VU,Rack 90VU_A321. Neo (ASS),851,0,25740,407,524525,540540,13.4,20.4,85%,78%,66%,64%
S34,18-Aug,M32,Siwtch de Commande,861,761,25740,293,381971,386100,9.8,14.8,85%,78%,66%,65%
S34,18-Aug,PPE21,Push Start/ Stop ,1106,0,25740,215,359953,360360,9.2,14.0,85%,78%,66%,66%
S34,18-Aug,90VU,Rack 90VU_A321. Neo ,728,628,25740,767,845804,849420,21.7,32.9,85%,78%,66%,66%
S34,19-Aug,SF1.PPE21,Push Start/ Stop (INJ),577,0,25740,231,164552,180180,5.2,6.4,85%,78%,81%,74%
S34,19-Aug,SF1.90VU,Rack 90VU_A321. Neo (INJ),672,0,25740,280,232462,257400,7.3,9.0,85%,78%,81%,73%
S34,19-Aug,SF2.M32,Siwtch de Commande (IR),1074,0,25740,307,406529,411840,12.8,15.8,85%,78%,81%,80%
S34,19-Aug,SF2.PPE21,Push Start/ Stop (IR),427,0,25740,287,151190,154440,4.8,5.9,85%,78%,81%,79%
S34,19-Aug,SF2.90VU,Rack 90VU_A321. Neo (IR),582,0,25740,273,196156,205920,6.2,7.6,85%,78%,81%,77%
S34,19-Aug,SF3.M32,Siwtch de Commande (ASS),618,0,25740,227,173040,180180,5.4,6.7,85%,78%,81%,78%
S34,19-Aug,SF3.PPE21,Push Start/ Stop (ASS),783,0,25740,227,219240,231660,6.9,8.5,85%,78%,81%,77%
S34,19-Aug,SF3.90VU,Rack 90VU_A321. Neo (ASS),724,0,25740,407,363609,386100,11.4,14.1,85%,78%,81%,76%
S34,19-Aug,M32,Siwtch de Commande,852,752,25740,293,307982,308880,9.7,12.0,85%,78%,81%,81%
S34,19-Aug,PPE21,Push Start/ Stop ,216,116,25740,215,57357,77220,1.8,2.2,85%,78%,81%,60%
S34,19-Aug,90VU,Rack 90VU_A321. Neo ,873,773,25740,767,826440,849420,26.0,32.1,85%,78%,81%,79%
S34,20-Aug,SF1.PPE21,Push Start/ Stop (INJ),1106,0,25740,231,315415,334620,9.9,12.3,85%,78%,81%,76%
S34,20-Aug,SF1.90VU,Rack 90VU_A321. Neo (INJ),1176,0,25740,280,406924,411840,12.8,15.8,85%,78%,81%,80%
S34,20-Aug,SF2.M32,Siwtch de Commande (IR),1293,0,25740,307,489361,514800,15.4,19.0,85%,78%,81%,77%
S34,20-Aug,SF2.PPE21,Push Start/ Stop (IR),1409,0,25740,287,499008,514800,15.7,19.4,85%,78%,81%,79%
S34,20-Aug,SF2.90VU,Rack 90VU_A321. Neo (IR),986,0,25740,273,332262,334620,10.5,12.9,85%,78%,81%,80%
S34,20-Aug,SF3.M32,Siwtch de Commande (ASS),1102,0,25740,227,308653,308880,9.7,12.0,85%,78%,81%,81%
S34,20-Aug,SF3.PPE21,Push Start/ Stop (ASS),889,0,25740,227,248873,257400,7.8,9.7,85%,78%,81%,78%
S34,20-Aug,SF3.90VU,Rack 90VU_A321. Neo (ASS),1005,0,25740,407,504901,514800,15.9,19.6,85%,78%,81%,79%
S34,20-Aug,M32,Siwtch de Commande,1122,1022,25740,293,405522,411840,12.8,15.8,85%,78%,81%,80%
S34,20-Aug,PPE21,Push Start/ Stop ,1188,1088,25740,215,315128,334620,9.9,12.2,85%,78%,81%,76%
S34,20-Aug,90VU,Rack 90VU_A321. Neo ,665,565,25740,767,629376,643500,19.8,24.5,85%,78%,81%,79%
S34,21-Aug,SF1.PPE21,Push Start/ Stop (INJ),568,0,25740,231,161938,180180,5.1,6.3,85%,78%,81%,73%
S34,21-Aug,SF1.90VU,Rack 90VU_A321. Neo (INJ),635,0,25740,280,219663,231660,6.9,8.5,85%,78%,81%,77%
S34,21-Aug,SF2.M32,Siwtch de Commande (IR),851,0,25740,307,322119,334620,10.1,12.5,85%,78%,81%,78%
S34,21-Aug,SF2.PPE21,Push Start/ Stop (IR),861,0,25740,287,304858,308880,9.6,11.8,85%,78%,81%,80%
S34,21-Aug,SF2.90VU,Rack 90VU_A321. Neo (IR),1106,0,25740,273,372763,386100,11.7,14.5,85%,78%,81%,78%
S34,21-Aug,SF3.M32,Siwtch de Commande (ASS),728,0,25740,227,189782,205920,6.4,7.4,85%,78%,87%,80%
S34,21-Aug,SF3.PPE21,Push Start/ Stop (ASS),788,0,25740,227,205423,205920,6.9,8.0,85%,78%,87%,87%
S34,21-Aug,SF3.90VU,Rack 90VU_A321. Neo (ASS),577,0,25740,407,269797,283140,9.1,10.5,85%,78%,87%,83%
S34,21-Aug,M32,Siwtch de Commande,672,572,25740,293,226163,231660,7.6,8.8,85%,78%,87%,85%
S34,21-Aug,PPE21,Push Start/ Stop ,1074,974,25740,215,265167,283140,9.0,10.3,85%,78%,87%,81%
S34,21-Aug,90VU,Rack 90VU_A321. Neo ,427,0,25740,767,376349,386100,12.7,14.6,85%,78%,87%,85%
S34,22-Aug,SF1.PPE21,Push Start/ Stop (INJ),618,0,25740,231,164090,180180,5.5,6.4,85%,78%,87%,79%
S34,22-Aug,SF1.90VU,Rack 90VU_A321. Neo (INJ),783,0,25740,280,252180,257400,8.5,9.8,85%,78%,87%,85%
S34,22-Aug,SF2.M32,Siwtch de Commande (IR),724,0,25740,307,255148,257400,8.6,9.9,85%,78%,87%,86%
S34,22-Aug,SF2.PPE21,Push Start/ Stop (IR),852,0,25740,287,280866,283140,9.5,10.9,85%,78%,87%,86%
S34,22-Aug,SF2.90VU,Rack 90VU_A321. Neo (IR),0,0,25740,273,0,0,0.0,0.0,85%,78%,-,-
S34,22-Aug,SF3.M32,Siwtch de Commande (ASS),0,0,25740,227,0,0,0.0,0.0,85%,78%,-,-
S34,22-Aug,SF3.PPE21,Push Start/ Stop (ASS),356,0,25740,227,92806,102960,3.1,3.6,85%,78%,87%,78%
S34,22-Aug,SF3.90VU,Rack 90VU_A321. Neo (ASS),724,0,25740,407,338532,360360,11.4,13.2,85%,78%,87%,82%
S34,22-Aug,M32,Siwtch de Commande,852,752,25740,293,286742,308880,9.7,11.1,85%,78%,87%,81%
S34,22-Aug,PPE21,Push Start/ Stop ,816,716,25740,215,201468,205920,6.8,7.8,85%,78%,87%,85%
S34,22-Aug,90VU,Rack 90VU_A321. Neo ,873,773,25740,767,769444,772200,26.0,29.9,85%,78%,87%,87%
S34,23-Aug,SF1.PPE21,Push Start/ Stop (INJ),851,0,25740,231,225955,231660,7.6,8.8,85%,78%,87%,85%
S34,23-Aug,SF1.90VU,Rack 90VU_A321. Neo (INJ),861,0,25740,280,277301,283140,9.4,10.8,85%,78%,87%,85%
S34,23-Aug,SF2.M32,Siwtch de Commande (IR),1106,0,25740,307,389770,411840,13.2,15.1,85%,78%,87%,82%
S34,23-Aug,SF2.PPE21,Push Start/ Stop (IR),728,0,25740,287,239989,257400,8.1,9.3,85%,78%,87%,81%
S34,23-Aug,SF2.90VU,Rack 90VU_A321. Neo (IR),788,0,25740,273,247269,257400,8.4,9.6,85%,78%,87%,84%
S34,23-Aug,SF3.M32,Siwtch de Commande (ASS),577,0,25740,227,150418,154440,5.1,5.8,85%,78%,87%,85%
S34,23-Aug,SF3.PPE21,Push Start/ Stop (ASS),672,0,25740,227,175183,180180,5.9,6.8,85%,78%,87%,85%
S34,23-Aug,SF3.90VU,Rack 90VU_A321. Neo (ASS),1074,0,25740,407,502188,514800,17.0,19.5,85%,78%,87%,85%
S34,23-Aug,M32,Siwtch de Commande,427,327,25740,293,143708,154440,4.9,5.6,85%,78%,87%,81%
S34,23-Aug,PPE21,Push Start/ Stop ,582,482,25740,215,143694,154440,4.9,5.6,85%,78%,87%,81%
S34,23-Aug,90VU,Rack 90VU_A321. Neo ,618,518,25740,767,544692,566280,18.4,21.2,85%,78%,87%,84%
S35,24-Aug,SF1.PPE21,Push Start/ Stop (INJ),724,0,25740,231,192234,205920,6.5,7.5,85%,78%,87%,81%
S35,24-Aug,SF1.90VU,Rack 90VU_A321. Neo (INJ),852,0,25740,280,274403,283140,9.3,10.7,85%,78%,87%,84%
S35,24-Aug,SF2.M32,Siwtch de Commande (IR),255,0,25740,307,89984,102960,3.0,3.5,85%,78%,87%,76%
S35,24-Aug,SF2.PPE21,Push Start/ Stop (IR),264,0,25740,287,87106,102960,2.9,3.4,85%,78%,87%,74%
S35,24-Aug,SF2.90VU,Rack 90VU_A321. Neo (IR),273,0,25740,273,85707,102960,2.9,3.3,85%,78%,87%,72%
S35,24-Aug,SF3.M32,Siwtch de Commande (ASS),282,0,25740,227,82006,102960,2.5,3.2,85%,78%,78%,62%
S35,24-Aug,SF3.PPE21,Push Start/ Stop (ASS),291,0,25740,227,84594,102960,2.6,3.3,85%,78%,78%,64%
S35,24-Aug,SF3.90VU,Rack 90VU_A321. Neo (ASS),300,0,25740,407,156372,180180,4.7,6.1,85%,78%,78%,68%
S35,24-Aug,M32,Siwtch de Commande,309,209,25740,293,115891,128700,3.5,4.5,85%,78%,78%,70%
S35,24-Aug,PPE21,Push Start/ Stop ,318,218,25740,215,87469,102960,2.7,3.4,85%,78%,78%,66%
S35,24-Aug,90VU,Rack 90VU_A321. Neo ,327,210,25740,767,320999,334620,9.7,12.5,85%,78%,78%,75%
S35,25-Aug,SF1.PPE21,Push Start/ Stop (INJ),344,0,25740,231,101972,102960,3.1,4.0,85%,78%,78%,77%
S35,25-Aug,SF1.90VU,Rack 90VU_A321. Neo (INJ),353,0,25740,280,126888,128700,3.8,4.9,85%,78%,78%,77%
S35,25-Aug,SF2.M32,Siwtch de Commande (IR),362,0,25740,307,142341,154440,4.3,5.5,85%,78%,78%,72%
S35,25-Aug,SF2.PPE21,Push Start/ Stop (IR),371,0,25740,287,136420,154440,4.1,5.3,85%,78%,78%,69%
S35,25-Aug,SF2.90VU,Rack 90VU_A321. Neo (IR),380,0,25740,273,132971,154440,4.0,5.2,85%,78%,78%,67%
S35,25-Aug,SF3.M32,Siwtch de Commande (ASS),389,0,25740,227,113055,128700,3.4,4.4,85%,78%,78%,69%
S35,25-Aug,SF3.PPE21,Push Start/ Stop (ASS),398,0,25740,227,115643,128700,3.5,4.5,85%,78%,78%,70%
S35,25-Aug,SF3.90VU,Rack 90VU_A321. Neo (ASS),407,0,25740,407,212064,231660,6.4,8.2,85%,78%,78%,71%
S35,25-Aug,M32,Siwtch de Commande,416,316,25740,293,155976,180180,4.7,6.1,85%,78%,78%,68%
S35,25-Aug,PPE21,Push Start/ Stop ,424,324,25740,215,116876,128700,3.5,4.5,85%,78%,78%,71%
S35,25-Aug,90VU,Rack 90VU_A321. Neo ,433,0,25740,767,425975,437580,12.9,16.5,85%,78%,78%,76%
S35,26-Aug,SF1.PPE21,Push Start/ Stop (INJ),451,0,25740,231,133596,154440,4.0,5.2,85%,78%,78%,67%
S35,26-Aug,SF1.90VU,Rack 90VU_A321. Neo (INJ),460,0,25740,280,165247,180180,5.0,6.4,85%,78%,78%,72%
S35,26-Aug,SF2.M32,Siwtch de Commande (IR),469,0,25740,307,184315,205920,5.6,7.2,85%,78%,78%,70%
S35,26-Aug,SF2.PPE21,Push Start/ Stop (IR),478,0,25740,287,175684,180180,5.3,6.8,85%,78%,78%,76%
S35,26-Aug,SF2.90VU,Rack 90VU_A321. Neo (IR),487,0,25740,273,170345,180180,5.2,6.6,85%,78%,78%,74%
S35,26-Aug,SF3.M32,Siwtch de Commande (ASS),496,0,25740,227,144105,154440,4.4,5.6,85%,78%,78%,73%
S35,26-Aug,SF3.PPE21,Push Start/ Stop (ASS),504,0,25740,227,146692,154440,4.4,5.7,85%,78%,78%,74%
S35,26-Aug,SF3.90VU,Rack 90VU_A321. Neo (ASS),513,0,25740,407,267755,283140,8.1,10.4,85%,78%,78%,74%
S35,26-Aug,M32,Siwtch de Commande,522,422,25740,293,196061,205920,5.9,7.6,85%,78%,78%,74%
S35,26-Aug,PPE21,Push Start/ Stop ,531,431,25740,215,146282,154440,4.4,5.7,85%,78%,78%,74%
S35,26-Aug,90VU,Rack 90VU_A321. Neo ,540,440,25740,767,530951,540540,16.1,20.6,85%,78%,78%,77%
S35,27-Aug,SF1.PPE21,Push Start/ Stop (INJ),558,0,25740,231,165221,180180,5.0,6.4,85%,78%,78%,72%
S35,27-Aug,SF1.90VU,Rack 90VU_A321. Neo (INJ),567,0,25740,280,203607,205920,6.2,7.9,85%,78%,78%,77%
S35,27-Aug,SF2.M32,Siwtch de Commande (IR),576,0,25740,307,226289,231660,6.9,8.8,85%,78%,78%,76%
S35,27-Aug,SF2.PPE21,Push Start/ Stop (IR),585,0,25740,287,214947,231660,6.5,8.4,85%,78%,78%,72%
S35,27-Aug,SF2.90VU,Rack 90VU_A321. Neo (IR),593,0,25740,273,207719,231660,6.3,8.1,85%,78%,78%,70%
S35,27-Aug,SF3.M32,Siwtch de Commande (ASS),602,0,25740,227,175154,180180,5.3,6.8,85%,78%,78%,76%
S35,27-Aug,SF3.PPE21,Push Start/ Stop (ASS),611,0,25740,227,177741,180180,5.4,6.9,85%,78%,78%,77%
S35,27-Aug,SF3.90VU,Rack 90VU_A321. Neo (ASS),620,0,25740,407,323447,334620,9.8,12.6,85%,78%,78%,75%
S35,27-Aug,M32,Siwtch de Commande,629,0,25740,293,236146,257400,7.2,9.2,85%,78%,78%,72%
S35,27-Aug,PPE21,Push Start/ Stop ,638,538,25740,215,175689,180180,5.3,6.8,85%,78%,78%,76%
S35,27-Aug,90VU,Rack 90VU_A321. Neo ,647,547,25740,767,635927,643500,19.3,24.7,85%,78%,78%,77%
S35,28-Aug,SF1.PPE21,Push Start/ Stop (INJ),665,0,25740,231,196845,205920,6.0,7.6,85%,78%,78%,75%
S35,28-Aug,SF1.90VU,Rack 90VU_A321. Neo (INJ),674,0,25740,280,241967,257400,7.3,9.4,85%,78%,78%,73%
S35,28-Aug,SF2.M32,Siwtch de Commande (IR),682,0,25740,307,268263,283140,8.1,10.4,85%,78%,78%,74%
S35,28-Aug,SF2.PPE21,Push Start/ Stop (IR),691,0,25740,287,254210,257400,7.7,9.9,85%,78%,78%,77%
S35,28-Aug,SF2.90VU,Rack 90VU_A321. Neo (IR),700,0,25740,273,245093,257400,7.4,9.5,85%,78%,78%,74%
S35,28-Aug,SF3.M32,Siwtch de Commande (ASS),709,0,25740,227,206203,231660,6.2,8.0,85%,78%,78%,69%
S35,28-Aug,SF3.PPE21,Push Start/ Stop (ASS),718,0,25740,227,208791,231660,6.3,8.1,85%,78%,78%,70%
S35,28-Aug,SF3.90VU,Rack 90VU_A321. Neo (ASS),727,0,25740,407,379138,386100,11.5,14.7,85%,78%,78%,77%
S35,28-Aug,M32,Siwtch de Commande,736,636,25740,293,276231,283140,8.4,10.7,85%,78%,78%,76%
S35,28-Aug,PPE21,Push Start/ Stop ,745,645,25740,215,205095,205920,6.2,8.0,85%,78%,78%,78%
S35,28-Aug,90VU,Rack 90VU_A321. Neo ,754,0,25740,767,740903,746460,22.5,28.8,85%,78%,78%,77%
S35,29-Aug,SF1.PPE21,Push Start/ Stop (INJ),771,0,25740,231,228469,231660,6.9,8.9,85%,78%,78%,77%
S35,29-Aug,SF1.90VU,Rack 90VU_A321. Neo (INJ),780,0,25740,280,280327,283140,8.5,10.9,85%,78%,78%,77%
S35,29-Aug,SF2.M32,Siwtch de Commande (IR),789,0,25740,307,310237,334620,9.4,12.1,85%,78%,78%,72%
S35,29-Aug,SF2.PPE21,Push Start/ Stop (IR),798,0,25740,287,293474,308880,8.9,11.4,85%,78%,78%,74%
S35,29-Aug,SF2.90VU,Rack 90VU_A321. Neo (IR),807,0,25740,273,282467,283140,8.6,11.0,85%,78%,78%,78%
S35,29-Aug,SF3.M32,Siwtch de Commande (ASS),816,0,25740,227,237252,257400,7.2,9.2,85%,78%,78%,72%
S35,29-Aug,SF3.PPE21,Push Start/ Stop (ASS),825,0,25740,227,217529,231660,7.3,8.5,85%,78%,86%,81%
S35,29-Aug,SF3.90VU,Rack 90VU_A321. Neo (ASS),834,0,25740,407,394381,411840,13.2,15.3,85%,78%,86%,82%
S35,29-Aug,M32,Siwtch de Commande,843,743,25740,293,286891,308880,9.6,11.1,85%,78%,86%,80%
S35,29-Aug,PPE21,Push Start/ Stop ,852,734,25740,215,212687,231660,7.1,8.3,85%,78%,86%,79%
S35,29-Aug,90VU,Rack 90VU_A321. Neo ,860,0,25740,767,767193,772200,25.6,29.8,85%,78%,86%,85%
S35,30-Aug,SF1.PPE21,Push Start/ Stop (INJ),878,0,25740,231,235899,257400,7.9,9.2,85%,78%,86%,79%
S35,30-Aug,SF1.90VU,Rack 90VU_A321. Neo (INJ),887,0,25740,280,289041,308880,9.7,11.2,85%,78%,86%,80%
S35,30-Aug,SF2.M32,Siwtch de Commande (IR),896,0,25740,307,319447,334620,10.7,12.4,85%,78%,86%,82%
S35,30-Aug,SF2.PPE21,Push Start/ Stop (IR),905,0,25740,287,301785,308880,10.1,11.7,85%,78%,86%,84%
S35,30-Aug,SF2.90VU,Rack 90VU_A321. Neo (IR),914,0,25740,273,290089,308880,9.7,11.3,85%,78%,86%,81%
S35,30-Aug,SF3.M32,Siwtch de Commande (ASS),923,0,25740,227,243343,257400,8.1,9.5,85%,78%,86%,81%
S35,30-Aug,SF3.PPE21,Push Start/ Stop (ASS),932,0,25740,227,245690,257400,8.2,9.5,85%,78%,86%,82%
S35,30-Aug,SF3.90VU,Rack 90VU_A321. Neo (ASS),941,0,25740,407,444892,463320,14.9,17.3,85%,78%,86%,83%
S35,30-Aug,M32,Siwtch de Commande,949,849,25740,293,323247,334620,10.8,12.6,85%,78%,86%,83%
S35,30-Aug,PPE21,Push Start/ Stop ,958,858,25740,215,239358,257400,8.0,9.3,85%,78%,86%,80%
S35,30-Aug,90VU,Rack 90VU_A321. Neo ,967,867,25740,767,862404,875160,28.8,33.5,85%,78%,86%,85%
